full_name,stars,watchers,forks,stars_delta,watchers_delta,forks_delta,url
anthropics/claude-code,59580,59580,4425,107,107,7,https://github.com/anthropics/claude-code
shareAI-lab/learn-claude-code,15008,15008,3394,25,25,2,https://github.com/shareAI-lab/learn-claude-code
musistudio/claude-code-router,26332,26332,2053,25,25,1,https://github.com/musistudio/claude-code-router
affaan-m/everything-claude-code,18667,18667,2267,1349,1349,167,https://github.com/affaan-m/everything-claude-code
davila7/claude-code-templates,18086,18086,1638,18,18,3,https://github.com/davila7/claude-code-templates
hesreallyhim/awesome-claude-code,21502,21502,1218,37,37,1,https://github.com/hesreallyhim/awesome-claude-code
anthropics/claude-code-action,5273,5273,1386,5,5,-6,https://github.com/anthropics/claude-code-action
diet103/claude-code-infrastructure-showcase,8564,8564,1125,8,8,1,https://github.com/diet103/claude-code-infrastructure-showcase
VoltAgent/awesome-claude-code-subagents,8547,8547,940,12,12,2,https://github.com/VoltAgent/awesome-claude-code-subagents
OneRedOak/claude-code-workflows,3525,3525,521,2,2,0,https://github.com/OneRedOak/claude-code-workflows
ChrisWiles/claude-code-showcase,5049,5049,426,2,2,0,https://github.com/ChrisWiles/claude-code-showcase
frankbria/ralph-claude-code,5255,5255,351,42,42,1,https://github.com/frankbria/ralph-claude-code
1rgs/claude-code-proxy,2903,2903,395,1,1,0,https://github.com/1rgs/claude-code-proxy
kodu-ai/claude-coder,5286,5286,201,0,0,0,https://github.com/kodu-ai/claude-coder
Piebald-AI/claude-code-system-prompts,3329,3329,495,12,12,0,https://github.com/Piebald-AI/claude-code-system-prompts
zebbern/claude-code-guide,3134,3134,281,4,4,0,https://github.com/zebbern/claude-code-guide
Yuyz0112/claude-code-reverse,1995,1995,348,2,2,0,https://github.com/Yuyz0112/claude-code-reverse
Maciek-roboblog/Claude-Code-Usage-Monitor,6270,6270,307,2,2,1,https://github.com/Maciek-roboblog/Claude-Code-Usage-Monitor
disler/claude-code-hooks-mastery,2108,2108,449,1,1,0,https://github.com/disler/claude-code-hooks-mastery
Cranot/claude-code-guide,2284,2284,250,0,0,0,https://github.com/Cranot/claude-code-guide
fuergaosi233/claude-code-proxy,1932,1932,269,0,0,0,https://github.com/fuergaosi233/claude-code-proxy
anthropics/claude-code-base-action,559,559,597,0,0,-1,https://github.com/anthropics/claude-code-base-action
anthropics/skills,50041,50041,4789,484,484,49,https://github.com/anthropics/skills
eyaltoledano/claude-task-master,24998,24998,2406,4,4,-1,https://github.com/eyaltoledano/claude-task-master
wshobson/agents,26449,26449,2921,38,38,3,https://github.com/wshobson/agents
Pimzino/claude-code-spec-workflow,3359,3359,243,-1,-1,-1,https://github.com/Pimzino/claude-code-spec-workflow
anthropics/claude-code-security-review,2876,2876,216,1,1,2,https://github.com/anthropics/claude-code-security-review
https-deeplearning-ai/sc-claude-code-files,374,374,508,0,0,1,https://github.com/https-deeplearning-ai/sc-claude-code-files
edmund-io/edmunds-claude-code,1001,1001,213,3,3,1,https://github.com/edmund-io/edmunds-claude-code
github/spec-kit,64511,64511,5579,53,53,10,https://github.com/github/spec-kit
siteboon/claudecodeui,5663,5663,734,4,4,0,https://github.com/siteboon/claudecodeui
router-for-me/CLIProxyAPI,7803,7803,1205,40,40,2,https://github.com/router-for-me/CLIProxyAPI
ghuntley/claude-code-source-code-deobfuscation,811,811,401,0,0,0,https://github.com/ghuntley/claude-code-source-code-deobfuscation
sugyan/claude-code-webui,857,857,197,1,1,0,https://github.com/sugyan/claude-code-webui
lst97/claude-code-sub-agents,1354,1354,222,0,0,0,https://github.com/lst97/claude-code-sub-agents
ComposioHQ/awesome-claude-skills,24417,24417,2397,193,193,19,https://github.com/ComposioHQ/awesome-claude-skills
feiskyer/claude-code-settings,1133,1133,171,1,1,0,https://github.com/feiskyer/claude-code-settings
nishimoto265/Claude-Code-Communication,477,477,226,0,0,0,https://github.com/nishimoto265/Claude-Code-Communication
rizethereum/claude-code-requirements-builder,1733,1733,173,0,0,0,https://github.com/rizethereum/claude-code-requirements-builder
centminmod/my-claude-code-setup,1720,1720,167,3,3,0,https://github.com/centminmod/my-claude-code-setup
andrepimenta/claude-code-chat,976,976,143,0,0,0,https://github.com/andrepimenta/claude-code-chat
darcyegb/ClaudeCodeAgents,487,487,46,0,0,0,https://github.com/darcyegb/ClaudeCodeAgents
21st-dev/1code,4148,4148,367,39,39,7,https://github.com/21st-dev/1code
EveryInc/compound-engineering-plugin,6078,6078,478,32,32,2,https://github.com/EveryInc/compound-engineering-plugin
winfunc/opcode,20143,20143,1553,5,5,0,https://github.com/winfunc/opcode
EnzeD/vibe-coding,3764,3764,1196,4,4,4,https://github.com/EnzeD/vibe-coding
peterkrueck/Claude-Code-Development-Kit,1285,1285,146,0,0,0,https://github.com/peterkrueck/Claude-Code-Development-Kit
ykdojo/claude-code-tips,1532,1532,95,14,14,1,https://github.com/ykdojo/claude-code-tips
Njengah/claude-code-cheat-sheet,1209,1209,148,1,1,0,https://github.com/Njengah/claude-code-cheat-sheet
snarktank/ralph,6990,6990,838,100,100,9,https://github.com/snarktank/ralph
steipete/claude-code-mcp,1011,1011,118,0,0,0,https://github.com/steipete/claude-code-mcp
zed-industries/claude-code-acp,778,778,120,2,2,0,https://github.com/zed-industries/claude-code-acp
JessyTsui/Claude-Code-Remote,966,966,106,0,0,0,https://github.com/JessyTsui/Claude-Code-Remote
revfactory/claude-code-mastering,741,741,118,0,0,0,https://github.com/revfactory/claude-code-mastering
DmitrySolana/ralph-claude-code,1150,1150,95,0,0,0,https://github.com/DmitrySolana/ralph-claude-code
disler/claude-code-hooks-multi-agent-observability,917,917,281,0,0,0,https://github.com/disler/claude-code-hooks-multi-agent-observability
wasabeef/claude-code-cookbook,974,974,106,1,1,0,https://github.com/wasabeef/claude-code-cookbook
0xfurai/claude-code-subagents,652,652,123,0,0,0,https://github.com/0xfurai/claude-code-subagents
slopus/happy,8550,8550,628,49,49,2,https://github.com/slopus/happy
catlog22/Claude-Code-Workflow,1098,1098,89,4,4,0,https://github.com/catlog22/Claude-Code-Workflow
jarrodwatts/claude-code-config,869,869,101,0,0,0,https://github.com/jarrodwatts/claude-code-config
opactorai/Claudable,3681,3681,559,1,1,0,https://github.com/opactorai/Claudable
pchalasani/claude-code-tools,1161,1161,80,0,0,0,https://github.com/pchalasani/claude-code-tools
upstash/context7,43055,43055,2071,44,44,2,https://github.com/upstash/context7
anthropics/claude-agent-sdk-python,4289,4289,570,4,4,4,https://github.com/anthropics/claude-agent-sdk-python
anthropics/claude-plugins-official,4684,4684,499,22,22,0,https://github.com/anthropics/claude-plugins-official
kn1026/cc,702,702,266,1,1,0,https://github.com/kn1026/cc
superdesigndev/superdesign,5774,5774,667,0,0,0,https://github.com/superdesigndev/superdesign
kepano/obsidian-skills,7840,7840,406,41,41,3,https://github.com/kepano/obsidian-skills
simonw/claude-code-transcripts,834,834,86,1,1,0,https://github.com/simonw/claude-code-transcripts
jeremylongshore/claude-code-plugins-plus-skills,1046,1046,135,1,1,0,https://github.com/jeremylongshore/claude-code-plugins-plus-skills
alirezarezvani/claude-code-tresor,445,445,109,0,0,0,https://github.com/alirezarezvani/claude-code-tresor
obra/superpowers,33781,33781,2560,315,315,31,https://github.com/obra/superpowers
anthropics/claude-agent-sdk-demos,1222,1222,195,3,3,0,https://github.com/anthropics/claude-agent-sdk-demos
ericbuess/claude-code-docs,588,588,92,12,12,1,https://github.com/ericbuess/claude-code-docs
d-kimuson/claude-code-viewer,812,812,80,2,2,0,https://github.com/d-kimuson/claude-code-viewer
numman-ali/openskills,6829,6829,458,42,42,2,https://github.com/numman-ali/openskills
zsio/claude-code-hub,150,150,168,0,0,2,https://github.com/zsio/claude-code-hub
bfly123/claude_code_bridge,850,850,82,1,1,1,https://github.com/bfly123/claude_code_bridge
lyconear/Claude-Code,4,4,143,0,0,0,https://github.com/lyconear/Claude-Code
browser-use/browser-use,76141,76141,9087,36,36,6,https://github.com/browser-use/browser-use
severity1/claude-code-prompt-improver,1076,1076,97,1,1,0,https://github.com/severity1/claude-code-prompt-improver
greggh/claude-code.nvim,1746,1746,56,1,1,0,https://github.com/greggh/claude-code.nvim
BloopAI/vibe-kanban,18515,18515,1715,42,42,5,https://github.com/BloopAI/vibe-kanban
zhukunpenglinyutong/idea-claude-code-gui,786,786,91,4,4,0,https://github.com/zhukunpenglinyutong/idea-claude-code-gui
Matt-Dionis/claude-code-configs,604,604,79,0,0,0,https://github.com/Matt-Dionis/claude-code-configs
manzaltu/claude-code-ide.el,1296,1296,71,1,1,0,https://github.com/manzaltu/claude-code-ide.el
anomalyco/opencode,84363,84363,7562,416,416,41,https://github.com/anomalyco/opencode
coleam00/context-engineering-intro,12261,12261,2578,6,6,1,https://github.com/coleam00/context-engineering-intro
OthmanAdi/planning-with-files,10898,10898,985,83,83,11,https://github.com/OthmanAdi/planning-with-files
alirezarezvani/claude-skills,1254,1254,152,29,29,0,https://github.com/alirezarezvani/claude-skills
MadAppGang/claude-code,215,215,19,0,0,0,https://github.com/MadAppGang/claude-code
hesreallyhim/a-list-of-claude-code-agents,1147,1147,111,0,0,0,https://github.com/hesreallyhim/a-list-of-claude-code-agents
UfoMiao/zcf,5298,5298,377,2,2,1,https://github.com/UfoMiao/zcf
gurusup/claude-code-demo,71,71,154,0,0,0,https://github.com/gurusup/claude-code-demo
oraios/serena,19081,19081,1299,16,16,0,https://github.com/oraios/serena
code-yeongyu/oh-my-opencode,22331,22331,1575,204,204,9,https://github.com/code-yeongyu/oh-my-opencode
stretchcloud/claude-code-unified-agents,724,724,72,0,0,0,https://github.com/stretchcloud/claude-code-unified-agents
timothywarner-org/claude-code,192,192,19,192,192,19,https://github.com/timothywarner-org/claude-code
carlvellotti/claude-code-pm-course,377,377,95,2,2,0,https://github.com/carlvellotti/claude-code-pm-course
